time,altitude,velocity_smooth,grade_smooth
0,11.1,0.0,0.0
1,11.1,0.0,0.0
3,11.1,0.0,0.0
4,11.1,0.0,0.0
5,11.1,0.0,0.0
7,11.1,0.0,0.0
86,11.1,0.0,0.0
87,11.1,0.0,0.0
88,11.1,0.0,0.0
90,11.1,0.0,0.0
91,11.1,0.0,0.0
92,11.1,0.7,0.0
93,11.1,0.7,0.0
95,11.1,2.0,0.0
96,11.1,2.0,0.0
98,11.1,3.1,0.0
100,11.1,2.5,0.0
101,11.1,2.5,0.0
103,11.1,1.3,0.0
105,11.1,1.8,0.4
108,11.1,2.6,0.4
110,11.2,3.2,0.8
112,11.2,3.1,1.7
113,11.3,3.5,1.7
114,11.4,2.9,3.6
116,11.5,2.9,1.3
117,11.6,2.2,0.5
119,11.5,3.2,-0.4
120,11.5,3.5,-0.8
122,11.4,5.7,-0.7
123,11.3,6.0,-1.0
125,11.2,7.5,-1.2
127,11.0,7.3,-1.4
128,10.9,7.2,-1.7
130,10.6,6.9,-1.8
132,10.4,6.7,-2.0
133,10.3,6.6,-2.1
135,10.0,6.3,-2.2
136,9.8,6.4,-2.3
137,9.7,6.4,-2.3
139,9.4,6.5,-1.9
141,9.1,6.6,-2.0
143,9.0,5.8,-1.9
145,8.9,4.4,-1.4
146,8.9,2.8,-1.9
148,8.9,1.1,-1.9
149,8.9,0.9,-1.9
150,8.9,0.0,-1.9
152,8.9,0.0,0.0
153,8.9,0.0,0.0
154,8.9,0.0,0.0
156,8.9,0.0,0.0
158,8.9,0.0,0.0
160,8.9,0.0,0.0
190,8.9,0.1,0.0
192,8.9,0.3,0.0
193,8.9,0.5,-0.9
194,8.9,0.6,-2.0
195,8.7,0.6,-2.4
197,8.3,6.0,-2.2
198,8.2,5.8,-1.5
200,8.3,4.4,0.9
201,8.3,4.4,2.0
203,8.5,3.5,1.7
205,8.7,4.3,1.9
206,8.8,4.9,1.5
207,8.9,5.2,0.7
208,8.9,5.3,0.4
210,8.9,5.4,-0.4
211,8.9,5.1,-0.5
213,8.8,4.2,-0.8
215,8.8,2.5,-2.9
216,8.8,1.4,-2.9
218,8.7,0.0,-4.4
219,8.7,0.0,-2.9
221,8.7,0.0,-3.3
222,8.6,0.6,-2.9
224,8.6,0.9,-2.9
226,8.6,1.1,-1.9
228,8.6,0.6,-2.4
230,8.5,0.6,-2.4
231,8.5,0.7,-2.8
373,8.5,0.0,-2.5
374,8.4,0.0,-3.1
376,8.2,0.1,-3.1
377,7.8,0.2,-3.0
378,7.6,0.2,-2.9
380,7.1,0.2,-2.9
382,6.7,7.8,-2.6
383,6.4,8.1,-2.1
384,6.3,8.2,-0.5
386,6.0,8.6,0.1
391,6.3,8.3,0.9
392,6.5,7.9,1.8
394,7.0,7.6,3.7
395,7.2,7.5,3.8
396,7.5,6.4,3.8
398,7.9,6.2,4.2
399,8.1,5.9,3.7
401,8.5,5.0,3.6
402,8.6,4.9,3.3
403,8.7,4.5,2.6
404,8.8,4.2,2.6
406,9.0,3.9,2.2
407,9.0,3.1,1.8
409,9.1,2.9,1.2
410,9.2,3.7,1.3
412,9.3,4.8,1.1
414,9.4,4.8,1.1
415,9.4,4.0,1.2
417,9.5,3.7,1.2
419,9.6,3.7,1.2
420,9.7,4.1,1.2
421,9.7,4.2,1.2
423,9.8,4.1,0.6
424,9.9,5.2,0.6
428,9.9,4.4,0.6
429,10.0,6.3,0.4
430,10.1,6.9,0.6
431,10.1,7.2,0.5
433,10.2,10.8,0.4
434,10.2,8.8,0.4
436,10.3,8.1,0.3
437,10.3,8.0,0.5
438,10.3,7.7,0.6
439,10.4,7.6,0.5
441,10.5,7.2,0.7
443,10.5,7.3,0.4
444,10.6,7.4,0.4
445,10.6,7.6,0.5
447,10.7,7.8,0.7
448,10.7,7.8,0.9
450,10.9,7.4,0.9
451,11.0,7.4,1.2
453,11.1,7.2,1.0
455,11.3,7.3,1.2
457,11.4,7.2,1.4
459,11.7,7.3,1.4
461,11.9,7.1,1.7
463,12.1,7.0,1.4
464,12.2,6.6,1.4
466,12.4,7.1,1.4
468,12.6,7.3,1.3
469,12.7,7.6,1.3
471,12.9,7.4,1.1
472,13.0,7.5,0.8
474,13.1,7.9,0.8
475,13.1,7.9,0.7
476,13.2,8.0,0.8
478,13.3,7.6,1.1
479,13.4,7.2,1.2
480,13.5,7.1,1.3
482,13.7,7.2,1.6
483,13.8,7.4,1.7
485,14.1,7.5,2.1
487,14.4,7.3,2.3
488,14.6,7.1,2.0
489,14.8,7.1,1.2
490,14.8,7.0,0.9
492,14.8,6.8,0.3
493,14.9,7.0,0.3
494,14.9,6.8,0.5
496,14.9,6.3,0.5
498,15.0,6.2,0.7
499,15.1,6.3,0.7
501,15.2,6.9,0.8
502,15.2,7.0,0.7
503,15.3,7.2,0.7
505,15.4,7.1,1.0
507,15.5,6.7,0.8
508,15.6,6.5,0.6
509,15.6,6.6,0.3
510,15.6,6.8,0.3
512,15.6,7.2,0.2
513,15.7,7.2,0.2
515,15.7,7.2,0.2
516,15.7,7.2,0.0
518,15.7,7.2,0.0
519,15.7,7.2,0.0
520,15.7,7.0,0.2
522,15.7,7.0,0.2
524,15.8,7.3,0.4
526,15.8,7.2,0.4
528,15.9,7.0,0.2
529,15.9,6.8,0.2
531,15.9,7.0,0.0
532,15.9,7.1,0.0
533,15.9,7.3,0.0
535,15.9,7.4,0.0
537,15.9,7.4,0.0
538,15.9,7.4,0.0
540,15.9,7.5,0.0
541,15.9,7.4,0.0
542,15.9,7.3,0.0
544,15.9,7.2,-0.2
545,15.9,7.0,-0.4
547,15.8,7.1,-0.6
549,15.7,7.5,-0.8
551,15.6,7.7,-0.8
553,15.4,7.6,-1.4
555,15.3,7.6,-1.8
557,14.8,8.3,-1.3
559,14.3,9.8,-1.3
561,14.3,11.0,0.0
562,14.3,11.3,1.1
564,14.8,10.6,1.9
565,15.0,10.4,2.2
566,15.2,9.6,1.9
568,15.5,9.2,1.6
570,15.8,8.4,1.2
571,15.8,8.3,1.0
573,15.9,8.4,0.5
574,16.0,8.4,0.5
575,16.0,8.5,0.3
576,16.0,8.6,0.0
577,16.0,8.6,0.0
579,16.0,8.8,0.0
580,16.0,8.9,0.0
581,16.0,8.8,0.0
582,16.0,8.7,0.0
584,16.0,8.5,0.0
586,16.0,8.4,-0.2
587,16.0,8.4,-0.2
588,15.9,8.4,-0.2
590,15.9,8.2,-0.2
591,15.9,8.2,0.2
592,15.9,8.5,0.4
593,16.0,8.8,0.4
595,16.1,9.0,0.4
596,16.1,9.0,0.2
598,16.1,8.2,0.0
599,16.1,8.1,0.0
601,16.1,7.5,0.0
602,16.1,7.6,0.0
604,16.1,7.7,-0.2
606,16.1,8.0,-0.2
608,16.0,8.0,-0.3
610,16.0,7.6,-0.5
612,15.9,7.1,-0.3
614,15.8,7.2,-0.3
616,15.8,7.7,-0.4
618,15.8,7.5,-0.2
619,15.7,7.2,-0.5
620,15.7,7.3,-0.6
622,15.6,6.7,-0.6
623,15.6,7.2,-0.6
624,15.5,7.2,-0.3
625,15.5,7.3,-0.3
626,15.5,7.3,-0.3
628,15.5,7.2,-0.2
629,15.4,7.2,-0.2
631,15.4,7.3,-0.2
633,15.4,7.5,0.0
634,15.4,7.5,0.0
636,15.4,7.5,0.0
638,15.4,7.8,0.2
640,15.4,7.8,0.2
641,15.5,7.9,0.2
643,15.5,7.7,0.3
644,15.5,7.7,0.0
645,15.5,7.8,0.3
646,15.5,7.7,0.2
648,15.6,7.8,0.2
650,15.6,7.4,0.2
651,15.6,7.2,0.2
653,15.6,6.8,0.2
654,15.7,6.9,0.2
656,15.7,6.8,0.2
658,15.7,6.7,0.0
660,15.7,6.4,-0.2
662,15.7,6.4,-0.3
663,15.6,6.5,-0.2
664,15.6,6.5,-0.5
666,15.6,6.7,-0.3
668,15.5,6.5,-0.5
669,15.5,6.6,-0.7
670,15.4,6.7,-0.7
672,15.3,6.7,-0.6
674,15.2,7.0,-0.4
676,15.2,7.3,-0.4
677,15.2,7.5,-0.4
679,15.1,7.3,-0.7
681,15.0,6.7,-0.6
683,14.9,6.3,-0.7
685,14.9,6.2,-0.5
686,14.8,6.2,-0.8
687,14.8,6.1,-0.8
689,14.6,6.3,-0.8
691,14.6,6.6,-0.7
692,14.5,6.9,-0.3
693,14.5,6.8,-0.3
694,14.5,6.7,0.0
696,14.5,6.4,0.0
697,14.5,6.4,-0.2
699,14.5,6.2,-0.4
701,14.4,6.7,-0.4
703,14.3,7.0,-0.2
704,14.3,7.5,0.4
706,14.4,7.4,0.7
708,14.6,7.7,0.7
710,14.7,7.8,0.8
711,14.7,7.9,0.6
712,14.8,7.8,0.5
714,14.9,7.8,0.8
715,14.9,7.9,0.6
716,15.0,7.9,0.5
718,15.1,7.9,0.8
719,15.1,7.8,0.5
720,15.2,7.8,0.3
721,15.2,7.8,0.5
722,15.2,7.8,0.3
724,15.3,7.6,0.5
725,15.3,7.6,0.6
726,15.4,7.6,0.7
728,15.5,7.8,0.6
729,15.6,8.1,0.4
731,15.6,8.3,0.2
732,15.6,8.2,0.0
733,15.6,8.1,0.0
735,15.6,8.1,-0.2
736,15.6,8.1,-0.2
737,15.5,8.3,-0.5
738,15.5,8.3,-0.7
740,15.4,8.2,-0.8
741,15.3,8.2,-1.0
743,15.1,8.3,-1.3
744,15.0,8.5,-1.7
746,14.7,8.8,-2.2
747,14.4,9.0,-3.2
748,14.1,9.3,-4.1
750,13.2,9.4,-4.4
751,12.7,9.8,-4.8
752,12.2,10.0,-4.8
754,11.1,10.5,-4.9
755,10.5,11.2,-5.1
757,9.3,11.8,-5.3
758,8.6,11.9,-5.3
760,7.2,12.3,-5.4
762,5.9,12.6,-5.2
763,5.2,12.7,-4.7
764,4.6,12.8,-3.5
766,3.6,12.9,-2.5
768,3.2,12.8,-1.8
770,3.0,12.5,-0.6
771,3.0,12.2,-0.1
773,3.1,11.9,0.3
775,3.1,11.4,0.3
776,3.2,11.4,0.2
777,3.2,11.4,0.4
778,3.2,11.1,0.3
780,3.3,11.2,0.3
782,3.4,10.7,0.3
783,3.4,10.7,0.2
785,3.4,10.5,-0.2
786,3.4,10.5,-0.2
788,3.3,10.6,0.0
789,3.3,10.5,0.2
790,3.4,10.5,0.8
791,3.5,10.5,1.0
793,3.7,10.1,0.7
794,3.8,9.8,0.5
796,3.8,9.0,0.3
798,3.8,8.6,0.3
800,3.9,8.6,0.5
802,4.0,8.5,0.7
803,4.1,8.5,0.4
805,4.2,8.0,0.2
807,4.1,7.9,0.0
808,4.1,7.7,-0.2
810,4.1,8.1,0.2
811,4.1,8.2,0.4
813,4.2,8.4,0.6
814,4.3,8.3,0.6
816,4.4,8.0,0.7
817,4.4,7.8,0.5
819,4.5,7.0,0.5
820,4.5,7.0,0.5
822,4.6,7.0,0.2
823,4.6,7.0,0.4
825,4.6,7.6,0.3
826,4.7,7.6,0.2
827,4.7,7.6,0.3
829,4.7,7.7,-0.4
830,4.7,7.7,-0.6
832,4.5,7.8,-1.7
833,4.4,7.8,-2.3
835,3.9,8.0,-3.1
836,3.6,7.9,-3.3
838,3.0,8.0,-2.9
840,2.4,9.0,-2.1
841,2.3,9.5,-1.3
843,2.2,10.1,-0.3
844,2.2,10.0,-0.1
846,2.2,9.7,0.1
848,2.2,9.6,0.4
850,2.3,9.6,0.7
852,2.5,9.6,1.8
853,2.7,9.6,2.7
855,3.4,9.4,3.9
856,3.8,9.3,4.5
858,4.6,8.8,4.7
859,5.0,8.6,4.6
861,5.6,7.6,3.7
862,5.9,7.7,2.8
864,6.2,7.2,1.5
865,6.2,7.3,0.7
867,6.3,7.6,0.0
869,6.3,7.9,-0.2
870,6.2,8.0,-0.7
872,6.1,7.8,-1.1
874,5.9,7.8,-1.1
875,5.8,7.8,-1.2
876,5.7,7.9,-1.0
878,5.5,8.1,-0.8
880,5.4,8.4,-0.7
882,5.3,8.5,-0.6
883,5.3,8.5,-0.8
884,5.2,8.5,-1.0
886,5.0,8.5,-1.4
888,4.8,8.3,-1.8
890,4.5,8.4,-2.2
892,4.0,8.5,-2.5
894,3.5,8.9,-2.6
896,3.0,9.1,-2.5
897,2.8,9.3,-2.1
898,2.6,9.5,-1.5
899,2.5,9.7,-1.0
900,2.4,9.7,-0.6
902,2.3,9.9,-0.3
903,2.3,9.7,0.0
905,2.3,9.8,0.2
907,2.4,9.6,0.3
908,2.4,9.6,0.6
910,2.5,9.2,0.6
912,2.7,9.1,0.8
913,2.7,9.0,0.8
915,2.9,8.9,0.5
917,3.0,8.6,0.6
919,3.0,8.6,0.3
921,3.1,8.6,0.3
923,3.1,8.9,0.4
925,3.2,8.8,0.3
927,3.3,8.4,0.4
928,3.3,8.2,0.4
929,3.3,8.2,0.4
931,3.4,8.2,0.4
933,3.5,8.3,0.5
935,3.5,8.1,0.5
936,3.6,8.0,0.4
938,3.7,8.0,0.6
940,3.7,8.1,0.4
941,3.8,8.1,0.4
942,3.8,8.0,0.4
944,3.9,7.8,0.2
946,3.9,7.6,0.4
947,3.9,7.6,0.4
949,4.0,7.6,0.6
951,4.1,7.6,0.7
953,4.2,7.7,0.7
955,4.3,7.7,0.7
956,4.4,7.6,0.6
957,4.4,7.6,0.6
959,4.5,7.7,0.4
961,4.6,8.0,0.6
962,4.6,8.1,0.6
963,4.7,8.2,0.8
965,4.8,8.1,0.6
966,4.9,7.9,0.6
968,4.9,7.6,0.4
970,5.0,7.5,0.4
971,5.0,7.5,0.4
973,5.1,7.4,0.3
974,5.1,7.6,0.0
975,5.1,7.8,-0.2
977,5.0,7.9,-0.4
978,5.0,8.1,-0.4
980,4.9,7.8,-0.2
981,4.9,7.9,-0.2
983,4.9,7.9,-0.8
984,4.9,7.9,-1.4
986,4.5,8.0,-2.5
987,4.2,8.1,-3.0
989,3.6,8.7,-2.9
990,3.3,9.0,-2.4
991,3.1,9.6,-1.1
992,3.0,9.8,0.0
994,3.1,9.5,0.9
995,3.3,9.1,1.6
997,3.6,8.6,1.9
998,3.8,8.5,2.0
999,3.9,8.3,1.6
1000,4.1,8.1,1.3
1002,4.2,7.7,1.1
1003,4.3,7.6,0.9
1005,4.4,7.6,1.1
1006,4.5,7.6,1.1
1008,4.7,7.5,1.3
1009,4.8,7.5,1.1
1010,4.9,7.5,0.8
1011,4.9,7.4,0.7
1013,5.0,7.3,0.5
1015,5.1,7.4,0.7
1016,5.1,7.4,0.5
1017,5.2,7.4,0.3
1018,5.2,7.5,0.3
1020,5.2,7.5,0.3
1021,5.2,7.5,0.2
1022,5.3,7.4,0.2
1024,5.3,7.5,0.4
1026,5.3,7.5,0.2
1027,5.4,7.8,0.2
1028,5.4,7.9,0.2
1030,5.4,7.9,0.0
1032,5.4,7.9,0.0
1033,5.4,7.7,0.2
1035,5.4,7.3,0.2
1037,5.5,7.0,0.4
1038,5.5,7.0,0.4
1040,5.6,7.5,0.2
1041,5.6,7.5,0.4
1043,5.6,7.6,0.2
1045,5.7,7.8,0.2
1047,5.7,7.8,0.2
1048,5.7,8.1,0.0
1049,5.7,8.1,0.0
1051,5.7,7.9,0.0
1052,5.7,7.9,0.2
1054,5.7,7.6,0.3
1055,5.8,7.6,0.2
1056,5.8,7.6,0.2
1058,5.8,7.8,0.0
1059,5.8,8.1,0.0
1060,5.8,8.1,0.0
1062,5.8,8.0,0.3
1063,5.8,7.9,0.2
1064,5.9,7.8,0.5
1066,5.9,7.9,0.5
1067,6.0,8.1,0.4
1068,6.0,8.0,0.8
1070,6.1,7.8,0.7
1071,6.2,7.7,0.6
1073,6.3,7.7,0.6
1074,6.3,7.9,0.4
1076,6.4,8.4,0.4
1077,6.4,8.4,0.4
1079,6.5,8.3,0.4
1080,6.5,8.2,0.7
1082,6.6,7.7,0.6
1084,6.8,8.1,0.7
1085,6.8,8.2,0.8
1087,6.9,8.1,0.5
1088,7.0,8.0,0.5
1090,7.0,7.3,0.4
1091,7.0,7.3,0.2
1093,7.1,7.5,0.4
1094,7.1,7.5,0.6
1096,7.2,7.6,0.5
1098,7.3,7.1,0.7
1099,7.3,7.1,0.9
1100,7.4,7.1,1.1
1102,7.6,7.3,1.2
1103,7.7,7.4,1.2
1105,7.8,7.2,1.2
1107,8.0,7.1,1.2
1108,8.1,7.0,1.2
1109,8.2,7.0,1.2
1111,8.3,7.0,0.9
1112,8.4,6.9,0.8
1113,8.4,6.7,0.6
1115,8.5,6.6,0.6
1116,8.5,6.5,0.9
1117,8.6,6.5,0.9
1118,8.7,6.6,1.4
1120,8.8,6.3,1.5
1122,9.0,5.8,1.6
1123,9.1,5.1,2.2
1124,9.1,4.2,1.7
1125,9.1,2.7,0.7
1127,9.1,1.7,0.7
1128,9.2,1.7,0.0
1130,9.2,2.8,-0.3
1131,9.1,4.2,0.0
1133,9.0,6.4,0.4
1135,9.2,8.1,0.6
1137,9.4,7.1,1.2
1138,9.4,6.8,0.9
1139,9.5,6.8,0.4
1140,9.5,6.8,0.0
1141,9.5,6.7,-0.3
1143,9.4,6.5,-0.8
1144,9.4,6.7,-1.0
1145,9.2,7.1,-1.1
1147,9.0,8.1,-1.1
1148,8.9,9.1,-0.8
1149,8.9,9.5,-0.4
1150,8.8,9.7,-0.2
1152,8.8,9.7,-0.1
1154,8.8,9.7,0.0
1156,8.8,9.9,0.2
1157,8.8,9.9,0.2
1158,8.9,9.9,0.4
1160,8.9,10.0,0.3
1161,9.0,9.9,0.3
1163,9.0,9.8,0.4
1165,9.1,9.7,0.3
1167,9.2,9.6,0.3
1168,9.2,9.5,0.3
1170,9.2,9.3,0.2
1172,9.3,9.2,0.2
1173,9.3,9.1,0.2
1174,9.3,9.2,0.0
1175,9.3,9.3,0.2
1177,9.3,9.3,0.2
1178,9.4,9.4,0.4
1179,9.4,9.3,0.4
1181,9.5,9.2,0.2
1183,9.5,8.8,0.3
1185,9.5,8.7,0.2
1186,9.6,8.6,0.2
1187,9.6,8.7,0.2
1189,9.6,8.7,0.2
1191,9.6,8.4,0.2
1192,9.7,8.3,0.2
1194,9.7,8.1,0.2
1195,9.7,8.1,0.0
1197,9.7,8.1,0.0
1198,9.7,8.2,0.2
1200,9.7,8.4,0.2
1202,9.8,8.4,0.2
1203,9.8,8.4,0.2
1204,9.8,8.3,0.3
1205,9.8,8.3,0.2
1206,9.9,8.3,0.2
1208,9.9,8.3,0.4
1209,9.9,8.2,0.2
1211,10.0,7.9,0.3
1212,10.0,7.9,0.4
1213,10.0,7.9,0.2
1215,10.1,8.0,0.2
1217,10.1,8.2,0.3
1219,10.1,8.3,0.1
1221,10.2,8.4,0.0
1223,10.2,8.5,0.0
1225,10.1,8.5,-0.1
1227,10.1,8.6,-0.3
1229,10.1,8.7,-0.2
1231,10.0,8.7,-0.2
1232,10.0,8.5,-0.2
1234,10.0,8.1,0.2
1236,10.0,8.1,0.2
1237,10.1,8.1,0.2
1238,10.1,8.1,0.5
1240,10.1,8.1,0.2
1241,10.2,8.1,0.2
1243,10.2,8.1,0.2
1244,10.2,8.1,0.0
1246,10.2,7.9,0.0
1248,10.2,7.8,0.0
1249,10.2,7.8,0.2
1251,10.2,7.9,0.2
1253,10.3,7.9,0.2
1255,10.3,8.1,0.2
1257,10.3,7.9,0.0
1259,10.3,7.8,0.0
1260,10.3,7.7,0.0
1262,10.3,7.9,0.0
1263,10.3,7.9,0.0
1264,10.3,8.0,0.0
1265,10.3,8.1,0.0
1266,10.3,8.2,0.0
1268,10.3,8.2,0.0
1269,10.3,8.2,0.0
1270,10.3,8.1,0.0
1272,10.3,8.1,0.0
1273,10.3,8.1,0.0
1275,10.3,8.2,0.0
1277,10.3,7.9,0.0
1279,10.3,7.9,0.0
1281,10.3,7.7,0.0
1283,10.3,7.9,0.2
1285,10.3,8.4,0.2
1287,10.4,8.5,0.2
1288,10.4,8.6,0.4
1290,10.4,7.8,0.2
1292,10.5,7.6,0.4
1294,10.5,7.5,0.4
1295,10.6,7.5,0.2
1297,10.6,7.7,0.2
1298,10.6,7.7,0.0
1299,10.6,8.0,0.0
1301,10.6,7.9,0.0
1302,10.6,7.9,0.2
1304,10.6,7.9,0.3
1305,10.7,7.8,0.3
1306,10.7,7.8,0.3
1307,10.7,7.7,0.0
1308,10.7,7.6,0.0
1310,10.7,7.5,0.0
1312,10.7,7.7,0.0
1314,10.7,7.9,0.0
1316,10.7,7.9,0.0
1318,10.7,7.8,0.2
1319,10.7,7.7,0.2
1321,10.8,7.5,0.4
1323,10.8,7.3,0.4
1325,10.9,7.1,0.2
1327,10.9,7.1,0.5
1328,10.9,7.1,0.2
1329,11.0,7.2,0.3
1331,11.0,7.4,0.2
1332,11.0,7.3,0.0
1334,11.0,7.0,0.3
1335,11.0,7.0,0.2
1336,11.1,6.9,0.5
1338,11.1,7.1,0.5
1339,11.2,7.3,0.4
1340,11.2,7.4,0.5
1342,11.3,7.4,0.2
1343,11.3,7.5,0.2
1345,11.3,7.3,0.2
1346,11.3,7.3,0.2
1348,11.4,7.4,0.2
1350,11.4,7.8,0.4
1351,11.4,8.0,0.2
1353,11.5,8.3,0.3
1355,11.5,8.5,0.3
1357,11.6,8.4,0.4
1358,11.6,8.2,0.6
1359,11.7,8.2,0.5
1361,11.8,7.9,0.6
1362,11.8,7.9,0.4
1364,11.9,7.8,0.3
1365,11.9,7.7,0.2
1366,11.9,7.6,0.0
1368,11.9,7.5,0.0
1370,11.9,7.5,0.0
1372,11.9,7.7,0.0
1374,11.9,7.8,0.0
1375,11.9,7.8,0.0
1377,11.9,8.0,0.0
1379,11.9,8.2,0.0
1381,11.9,8.2,-0.2
1382,11.9,8.1,-0.2
1383,11.8,8.1,-0.7
1384,11.8,8.2,-1.0
1386,11.6,8.5,-0.9
1388,11.4,8.9,-1.1
1389,11.3,8.9,-0.5
1390,11.2,9.0,0.2
1392,11.3,9.1,0.6
1394,11.5,9.1,1.3
1395,11.6,9.0,1.9
1397,12.0,8.4,2.6
1399,12.4,8.0,2.6
1400,12.7,7.7,2.2
1402,12.9,6.9,1.7
1404,13.1,6.9,1.3
1406,13.2,6.8,1.2
1407,13.3,6.9,1.0
1408,13.4,6.8,0.8
1410,13.5,6.4,0.2
1412,13.5,6.5,-0.2
1413,13.4,6.9,-0.8
1415,13.3,7.3,-0.9
1417,13.1,7.4,-0.9
1418,13.1,7.3,-0.9
1419,13.0,7.3,-0.4
1421,12.9,7.6,-0.4
1423,12.9,7.7,-0.4
1424,12.9,7.8,-0.4
1426,12.8,7.7,-0.4
1428,12.7,7.6,-0.7
1429,12.7,7.6,-0.6
1430,12.6,7.6,-0.6
1432,12.5,7.8,-0.5
1434,12.4,8.2,-0.3
1436,12.4,8.3,-0.2
1437,12.4,8.5,0.0
1439,12.4,8.5,0.0
1441,12.4,8.4,0.2
1442,12.4,8.4,0.3
1444,12.5,8.4,0.4
1446,12.6,8.5,0.5
1447,12.6,8.5,0.5
1449,12.7,8.4,0.4
1451,12.8,8.3,0.7
1452,12.8,8.3,0.7
1454,13.0,8.4,0.8
1456,13.1,8.5,1.2
1457,13.2,8.5,1.4
1459,13.5,8.5,1.8
1460,13.7,8.5,1.8
1462,14.0,8.3,1.5
1464,14.2,7.8,1.3
1466,14.3,7.2,1.0
1468,14.4,6.5,0.4
1470,14.5,6.3,0.2
1472,14.4,6.7,-0.2
1473,14.4,7.2,-0.5
1475,14.3,8.0,-0.6
1477,14.2,8.6,-0.6
1478,14.1,8.9,-0.5
1479,14.1,9.0,-0.4
1481,14.0,9.2,-0.2
1483,14.0,9.4,0.0
1484,14.0,9.3,0.2
1486,14.1,9.4,0.2
1487,14.1,9.3,0.4
1489,14.1,8.7,0.2
1490,14.2,8.6,0.4
1491,14.2,8.3,0.4
1493,14.3,8.3,0.2
1495,14.3,8.2,0.2
1497,14.3,8.0,0.2
1498,14.3,7.8,0.5
1500,14.4,7.9,0.8
1502,14.6,8.2,1.0
1503,14.7,8.2,1.2
1505,14.9,8.2,1.1
1507,15.1,8.0,1.3
1509,15.2,7.9,1.3
1510,15.4,7.9,2.0
1511,15.5,7.9,3.0
1513,16.0,7.6,3.3
1515,16.5,7.2,3.4
1517,16.9,6.4,3.0
1519,17.1,5.4,1.7
1520,17.1,4.6,0.2
1522,17.1,4.9,-0.2
1524,17.0,6.3,-0.2
1526,17.0,7.3,-0.2
1527,17.0,8.2,0.0
1528,17.0,8.3,0.2
1530,17.0,8.8,0.3
1532,17.1,9.3,0.4
1534,17.2,9.7,0.6
1535,17.3,10.0,0.5
1537,17.4,10.3,0.5
1538,17.4,10.2,0.5
1540,17.5,9.7,0.5
1542,17.6,9.2,0.7
1543,17.7,9.0,0.9
1545,17.8,8.3,1.1
1547,18.0,8.0,1.1
1548,18.1,7.8,1.3
1549,18.2,7.7,1.3
1551,18.4,7.6,1.4
1552,18.5,7.4,1.4
1554,18.7,7.4,1.3
1555,18.8,7.4,1.1
1557,19.0,7.8,1.0
1559,19.1,8.1,0.9
1560,19.2,8.2,0.6
1562,19.3,8.0,0.6
1563,19.3,8.0,0.5
1565,19.4,7.8,0.4
1567,19.5,7.9,0.6
1568,19.5,7.9,0.6
1569,19.6,7.9,0.5
1571,19.7,8.0,0.7
1572,19.7,8.0,0.7
1573,19.8,8.1,0.8
1574,19.9,8.1,0.9
1576,20.0,8.0,0.9
1578,20.1,7.5,0.8
1579,20.2,7.4,1.0
1581,20.3,7.4,1.1
1583,20.5,7.6,1.1
1584,20.6,7.4,1.4
1585,20.7,7.4,1.7
1586,20.8,7.3,1.7
1588,21.1,7.1,1.7
1589,21.2,7.1,1.9
1590,21.3,7.0,1.7
1592,21.6,7.1,1.9
1593,21.7,7.2,1.8
1595,22.0,7.2,1.6
1597,22.2,7.1,1.6
1599,22.4,6.9,1.5
1601,22.6,6.8,1.5
1602,22.7,6.6,1.5
1603,22.8,6.6,1.5
1605,23.0,6.6,1.5
1606,23.1,6.7,1.5
1607,23.2,6.7,1.7
1608,23.3,6.8,1.9
1610,23.6,7.1,2.1
1611,23.8,7.2,2.1
1613,24.1,7.2,2.0
1615,24.3,6.7,1.7
1617,24.5,6.3,1.3
1619,24.7,6.4,1.1
1620,24.7,6.5,1.0
1622,24.8,6.6,0.9
1623,24.9,6.8,1.2
1624,25.0,6.9,1.1
1626,25.2,7.1,1.3
1627,25.2,7.1,1.3
1629,25.4,6.4,1.4
1630,25.5,6.4,1.6
1632,25.7,6.1,1.4
1634,25.9,6.1,1.4
1635,25.9,6.1,1.3
1637,26.1,6.2,1.3
1638,26.2,6.2,1.5
1639,26.3,6.3,1.5
1640,26.4,6.5,1.1
1641,26.5,6.5,0.9
1642,26.5,6.6,0.6
1644,26.6,6.6,0.6
1645,26.6,6.5,0.5
1646,26.7,6.5,0.5
1648,26.7,6.5,0.6
1650,26.8,6.9,0.4
1652,26.9,7.0,0.5
1654,26.9,7.2,0.6
1656,27.0,7.1,0.8
1657,27.1,7.1,1.4
1659,27.3,7.0,2.1
1661,27.6,6.9,2.3
1663,28.0,6.5,2.3
1665,28.2,5.6,2.3
1667,28.3,4.9,1.4
1668,28.4,4.5,0.0
1669,28.4,4.8,-0.7
1671,28.2,5.4,-1.3
1672,28.1,5.9,-1.5
1674,27.9,6.4,-1.2
1675,27.8,6.5,-1.0
1677,27.7,6.8,-0.5
1678,27.7,6.7,0.0
1680,27.7,6.6,0.2
1682,27.8,6.7,0.4
1683,27.8,6.9,0.7
1685,27.9,7.1,1.0
1686,28.0,7.0,1.3
1688,28.2,6.6,1.5
1689,28.3,6.6,1.6
1691,28.5,6.5,1.6
1693,28.7,6.4,1.8
1694,28.8,6.4,1.7
1696,29.1,6.5,1.6
1698,29.3,6.9,1.6
1700,29.5,7.1,1.4
1702,29.7,7.3,1.7
1704,29.9,7.1,2.0
1706,30.3,7.3,1.9
1708,30.7,7.6,2.0
1710,30.8,7.4,1.1
1711,30.9,6.9,0.2
1713,30.8,5.8,-0.3
1715,30.8,5.6,-0.5
1716,30.7,5.8,-0.3
1718,30.7,6.3,-0.2
1719,30.7,6.4,0.2
1721,30.7,6.8,0.7
1722,30.8,6.8,0.9
1724,31.0,7.3,1.3
1725,31.1,7.3,1.6
1726,31.2,7.4,1.7
1728,31.5,7.4,2.0
1729,31.6,7.1,2.4
1731,31.9,6.7,2.5
1733,32.3,6.3,2.9
1735,32.6,6.1,3.1
1737,33.0,5.9,3.2
1738,33.2,5.9,2.7
1739,33.4,5.8,1.4
1741,33.5,5.6,0.8
1743,33.5,5.9,0.2
1744,33.5,6.2,0.0
1746,33.5,6.5,0.0
1748,33.5,6.3,0.5
1749,33.5,6.1,0.5
1751,33.7,6.3,0.9
1752,33.7,6.3,1.0
1753,33.8,6.3,1.0
1755,33.9,6.4,1.1
1757,34.1,6.4,1.1
1759,34.2,6.5,0.9
1761,34.4,6.5,0.4
1763,34.4,6.7,-0.2
1764,34.3,6.7,-1.0
1766,34.1,6.9,-1.4
1767,34.0,6.9,-1.5
1769,33.8,7.3,-1.5
1771,33.5,7.7,-1.3
1773,33.3,7.9,-1.0
1774,33.3,8.2,-0.5
1775,33.3,8.1,0.5
1776,33.3,8.2,1.1
1778,33.5,8.0,1.5
1780,33.8,7.8,1.7
1782,34.1,7.5,2.0
1784,34.3,7.1,2.1
1785,34.5,6.8,2.4
1787,34.8,6.6,2.9
1789,35.2,6.5,3.0
1791,35.6,6.3,3.6
1793,36.0,6.1,3.7
1794,36.3,5.8,3.8
1796,36.7,5.7,4.1
1797,36.9,5.6,3.7
1798,37.1,5.4,3.9
1799,37.3,5.4,3.9
1801,37.8,5.6,3.9
1803,38.2,5.6,3.9
1804,38.4,5.6,3.9
1806,38.8,5.2,4.3
1807,39.0,5.2,4.2
1808,39.3,5.1,4.1
1810,39.7,5.2,4.3
1812,40.1,5.3,4.1
1814,40.6,5.3,3.9
1816,41.0,5.2,3.9
1818,41.3,5.1,3.5
1819,41.5,5.2,2.9
1820,41.7,5.3,3.0
1821,41.8,5.5,2.5
1822,42.0,5.5,2.0
1823,42.1,5.9,1.7
1825,42.3,6.0,1.1
1827,42.4,6.1,0.8
1828,42.4,6.1,0.3
1829,42.4,6.3,-0.5
1831,42.4,6.5,-0.5
1833,42.2,6.7,-0.8
1834,42.2,6.8,-1.0
1836,42.0,7.2,-0.6
1838,41.9,7.4,-0.6
1840,41.9,7.3,-0.2
1841,41.9,7.3,0.0
1843,41.9,7.5,0.2
1845,41.9,7.7,0.4
1847,42.0,7.6,0.5
1848,42.1,7.4,0.9
1849,42.1,7.3,1.2
1850,42.2,6.9,1.2
1852,42.4,6.6,1.6
1853,42.5,6.4,1.8
1854,42.6,6.3,2.1
1856,42.9,6.3,2.3
1858,43.2,6.6,2.3
1859,43.4,6.6,2.4
1860,43.5,6.5,2.6
1862,43.8,6.3,2.7
1863,44.0,6.0,3.0
1864,44.2,5.9,3.3
1866,44.5,5.6,3.5
1867,44.7,5.4,3.3
1869,45.1,5.2,3.5
1871,45.4,5.2,3.2
1872,45.6,5.2,3.1
1873,45.7,5.3,2.9
1875,46.1,5.4,2.8
1876,46.2,5.5,2.9
1878,46.5,5.3,2.8
1880,46.8,5.3,2.9
1881,47.0,5.3,3.0
1882,47.1,5.2,3.1
1883,47.3,5.3,2.7
1885,47.6,5.1,3.1
1886,47.7,5.1,2.9
1887,47.9,5.1,2.8
1889,48.2,5.2,3.1
1891,48.5,5.4,3.2
1892,48.7,5.4,3.2
1894,49.1,5.4,3.4
1896,49.4,5.4,3.4
1897,49.6,5.4,3.4
1899,50.0,5.5,3.6
1900,50.2,5.4,3.6
1902,50.6,5.5,3.6
1903,50.8,5.5,3.9
1904,51.0,5.5,3.9
1906,51.5,5.6,3.9
1908,51.9,5.5,3.9
1909,52.1,5.5,3.9
1910,52.3,5.6,3.8
1912,52.8,5.5,3.8
1914,53.2,5.7,3.8
1915,53.4,5.6,3.6
1917,53.8,5.6,3.7
1918,54.0,5.6,3.6
1920,54.4,5.5,3.6
1921,54.6,5.5,3.6
1923,55.0,5.5,3.6
1924,55.2,5.5,3.6
1926,55.6,5.4,3.3
1928,56.0,5.5,3.3
1929,56.1,5.5,3.2
1930,56.3,5.5,2.9
1932,56.6,5.2,3.0
1934,56.9,5.2,2.4
1935,57.0,5.0,2.0
1937,57.1,5.0,1.3
1938,57.2,5.1,0.6
1940,57.3,5.2,0.3
1941,57.2,5.4,-0.8
1942,57.2,6.0,-1.8
1944,56.9,6.2,-1.9
1946,56.6,6.8,-2.3
1948,56.3,6.9,-2.3
1950,55.9,7.1,-2.3
1952,55.6,7.2,-2.2
1954,55.2,7.6,-1.9
1955,55.1,7.9,-1.8
1957,54.8,8.4,-1.6
1958,54.7,8.4,-1.8
1959,54.5,8.5,-1.6
1961,54.2,8.4,-1.4
1963,54.0,8.0,-1.3
1965,53.9,7.8,-0.9
1966,53.8,7.6,-0.7
1967,53.8,7.6,-0.8
1969,53.7,7.6,-0.6
1970,53.6,7.6,-0.6
1972,53.5,7.9,-0.6
1973,53.5,7.9,-0.6
1975,53.4,8.2,-0.7
1976,53.3,8.2,-0.7
1977,53.2,8.1,-1.0
1978,53.2,8.0,-0.8
1979,53.1,8.0,-0.9
1981,53.0,7.8,-1.1
1983,52.8,7.8,-1.1
1985,52.6,7.7,-1.5
1986,52.5,7.8,-1.3
1987,52.3,7.9,-1.3
1989,52.2,7.9,-1.3
1991,52.0,7.7,-0.9
1992,51.9,7.5,-1.0
1994,51.8,7.6,-0.9
1996,51.7,7.5,-0.8
1997,51.6,7.4,-0.9
1999,51.5,7.4,-1.0
2000,51.4,7.5,-0.8
2001,51.3,7.8,-0.9
2002,51.3,7.8,-0.7
2003,51.2,8.0,-0.7
2005,51.1,8.1,-0.8
2006,51.0,8.1,-0.7
2008,50.9,7.9,-0.9
2010,50.8,7.8,-0.8
2011,50.7,7.7,-0.9
2013,50.6,7.3,-0.9
2014,50.5,7.3,-0.7
2016,50.4,7.2,-0.7
2017,50.4,7.3,-0.7
2019,50.3,7.5,-0.7
2020,50.2,7.5,-0.7
2022,50.1,7.3,-0.7
2023,50.1,7.3,-0.6
2025,50.0,7.3,-0.4
2027,49.9,7.3,-0.6
2029,49.9,7.1,-0.5
2030,49.8,6.9,-0.5
2031,49.8,7.0,-0.7
2033,49.7,6.9,-0.7
2035,49.6,7.2,-0.7
2036,49.5,7.3,-0.8
2037,49.5,7.5,-0.8
2038,49.4,7.8,-0.5
2040,49.3,7.9,-0.6
2041,49.3,7.8,-0.7
2043,49.2,7.8,-0.6
2045,49.0,8.1,-0.8
2046,49.0,8.2,-0.8
2047,48.9,8.4,-0.5
2049,48.8,8.3,-0.7
2050,48.8,8.4,-0.8
2051,48.7,8.3,-0.8
2053,48.5,8.1,-1.1
2055,48.4,7.8,-1.1
2056,48.3,7.7,-0.8
2057,48.2,7.7,-0.8
2058,48.2,7.5,-0.8
2060,48.1,7.7,-0.6
2061,48.0,7.8,-0.7
2063,47.9,7.9,-0.6
2065,47.8,7.8,-0.6
2066,47.8,7.8,-0.7
2067,47.7,7.8,-0.7
2069,47.6,7.7,-0.7
2071,47.5,7.6,-0.6
2072,47.5,7.5,-0.4
2074,47.4,7.5,-0.3
2075,47.4,7.6,-0.4
2076,47.4,7.6,-0.2
2078,47.3,7.6,-0.4
2080,47.3,7.4,-0.3
2082,47.2,7.3,-0.2
2084,47.2,7.0,-0.4
2085,47.2,6.9,0.0
2087,47.1,6.8,0.0
2088,47.2,6.8,0.2
2089,47.2,6.8,0.7
2091,47.3,6.9,0.9
2093,47.4,6.6,1.1
2095,47.6,6.6,1.3
2096,47.7,6.4,1.5
2097,47.8,6.5,1.6
2098,47.9,6.5,1.7
2100,48.1,6.3,1.7
2101,48.2,6.1,1.7
2102,48.3,5.9,1.7
2104,48.5,5.9,2.0
2105,48.6,5.9,2.0
2107,48.9,5.8,2.4
2109,49.1,5.6,2.5
2110,49.3,5.5,2.5
2112,49.6,5.9,2.7
2113,49.8,6.0,2.8
2115,50.1,6.1,2.8
2117,50.5,6.0,2.8
2119,50.8,6.1,2.8
2121,51.2,6.3,2.5
2123,51.5,6.4,2.3
2124,51.6,6.4,1.9
2126,51.8,6.2,1.4
2128,52.0,6.1,1.5
2130,52.1,6.0,1.2
2132,52.3,5.9,0.7
2133,52.3,6.0,0.2
2135,52.3,6.3,-0.5
2137,52.2,6.6,-0.7
2138,52.1,6.7,-0.3
2140,52.0,6.4,0.4
2141,52.2,6.1,2.2
2142,52.3,5.3,5.1
2144,52.7,4.6,5.2
2146,53.0,3.0,6.2
2147,53.3,3.6,6.6
2149,53.6,2.7,6.3
2150,53.8,2.8,7.3
2151,54.1,3.5,6.8
2153,54.7,3.2,7.0
2154,55.0,4.1,7.4
2156,55.4,3.5,7.2
2157,55.7,3.6,8.0
2158,56.0,3.6,7.6
2160,56.5,3.1,7.5
2161,56.7,3.4,7.0
2163,57.1,2.9,6.5
2165,57.3,2.6,6.1
2166,57.7,3.0,5.7
2167,57.8,3.0,6.1
2168,58.0,3.2,4.8
2170,58.3,3.3,5.4
2171,58.5,3.3,5.0
2173,58.8,3.0,4.8
2174,59.0,3.3,4.9
2176,59.3,3.1,4.9
2177,59.5,3.4,4.8
2178,59.7,3.7,4.4
2180,59.9,3.1,4.6
2181,60.1,3.6,4.2
2182,60.3,3.5,4.2
2184,60.5,3.2,4.4
2185,60.7,3.8,3.8
2186,60.9,3.6,3.9
2187,61.0,3.7,4.1
2189,61.3,4.1,3.5
2190,61.5,3.9,3.9
2192,61.7,3.6,3.5
2193,61.9,3.9,3.2
2194,62.0,4.0,3.0
2196,62.2,3.6,2.5
2197,62.3,4.1,2.2
2199,62.4,3.4,1.8
2200,62.5,3.7,1.9
2201,62.6,4.4,2.0
2202,62.7,4.2,1.8
2203,62.8,4.2,1.6
2205,62.9,4.6,1.6
2207,63.0,4.1,1.4
2208,63.1,4.2,1.2
2210,63.2,4.0,1.3
2211,63.2,4.3,1.2
2212,63.3,4.6,1.2
2214,63.4,4.3,1.2
2215,63.5,4.9,1.2
2216,63.5,4.9,0.8
2218,63.6,4.3,0.8
2219,63.6,4.8,0.8
2220,63.7,4.9,0.4
2222,63.7,4.2,0.4
2223,63.7,5.2,0.0
2224,63.7,5.1,-0.4
2226,63.7,4.5,-0.4
2227,63.6,5.2,-0.4
2228,63.6,5.0,-0.7
2229,63.6,5.1,-0.6
2231,63.5,5.8,-0.8
2233,63.4,5.6,-1.0
2235,63.3,5.6,-1.0
2236,63.2,5.7,-0.8
2238,63.1,5.9,-0.9
2239,63.1,5.9,-0.6
2241,63.0,5.7,-0.4
2242,63.0,5.6,-0.5
2243,63.0,5.2,0.0
2244,63.0,4.0,0.0
2246,63.0,2.7,0.0
2247,63.0,1.7,0.0
2249,63.0,0.9,-0.7
2250,63.0,0.8,-0.8
2252,63.0,0.0,-0.8
2253,63.0,0.0,-0.7
2255,63.0,0.0,-0.7
2257,63.0,0.0,-0.7
2281,62.9,0.2,-0.7
2282,62.9,0.4,-0.4
2283,62.9,0.6,0.0
2285,62.9,0.8,0.4
2286,62.9,0.8,0.4
2288,63.0,3.8,-0.9
2289,63.0,4.1,-1.6
2291,62.7,3.7,-2.7
2293,62.5,3.7,-3.5
2294,62.4,3.3,-2.2
2295,62.3,3.3,-1.3
2297,62.3,3.1,-0.7
2298,62.3,3.1,-0.7
2299,62.3,2.8,-0.8
2301,62.2,2.5,0.0
2302,62.2,2.5,0.6
2304,62.3,2.4,3.1
2305,62.4,2.6,3.7
2306,62.7,3.2,4.1
2307,62.8,3.2,4.0
2308,62.9,3.3,2.7
2310,63.1,3.5,2.5
2312,63.2,3.0,2.5
2313,63.3,3.3,2.2
2314,63.4,3.4,2.5
2315,63.5,3.6,3.3
2316,63.6,3.5,3.3
2318,63.8,3.0,3.0
2319,63.9,3.0,2.7
2320,64.0,3.3,2.1
2322,64.1,3.1,2.4
2323,64.2,3.8,2.3
2325,64.4,3.1,3.0
2327,64.5,3.1,3.4
2328,64.7,3.0,4.0
2330,64.9,3.0,5.0
2332,65.2,2.9,4.7
2333,65.5,3.2,5.1
2334,65.6,3.2,4.9
2336,65.9,3.3,4.5
2337,66.1,3.7,5.0
2338,66.3,3.5,4.5
2340,66.6,3.3,4.1
2341,66.8,4.0,3.5
2343,67.1,3.9,3.0
2345,67.2,4.0,2.4
2346,67.3,3.5,1.2
2347,67.3,3.5,0.7
2349,67.3,2.8,0.0
2350,67.3,3.0,-0.6
2351,67.3,3.1,-0.6
2352,67.2,3.4,-0.5
2354,67.2,3.6,-0.5
2355,67.2,3.9,0.0
2357,67.2,3.4,0.0
2358,67.2,3.7,-0.4
2360,67.2,3.7,-0.7
2361,67.1,4.3,-1.0
2363,67.0,4.5,-1.4
2365,66.9,4.5,-1.5
2366,66.8,4.3,-1.6
2367,66.7,4.4,-2.6
2369,66.6,4.2,-3.5
2370,66.1,4.2,-4.6
2371,65.7,6.2,-5.1
2373,65.0,6.2,-5.7
2374,64.8,7.1,-5.5
2375,64.5,5.6,-4.4
2376,64.2,5.5,-4.3
2378,63.8,5.5,-3.7
2380,63.5,5.0,-3.8
2382,63.4,4.0,-1.9
2383,63.3,2.6,0.0
2385,63.4,2.5,0.5
2386,63.5,3.1,0.7
2387,63.5,4.1,0.4
2388,63.5,5.4,0.0
2390,63.5,5.5,0.0
2391,63.5,5.8,-0.3
2392,63.5,5.7,-0.6
2394,63.4,5.6,-0.7
2395,63.3,6.2,-1.0
2396,63.3,6.1,-1.2
2398,63.1,6.4,-0.7
2399,63.0,6.7,-0.8
2401,63.0,6.9,-0.4
2403,62.9,7.0,0.0
2405,62.9,6.9,0.0
2406,63.0,6.7,0.4
2408,63.0,6.5,0.5
2410,63.1,6.4,0.5
2411,63.1,6.2,0.7
2413,63.2,5.8,0.6
2415,63.3,5.7,1.0
2416,63.3,5.8,0.8
2418,63.5,6.2,0.8
2419,63.5,6.3,0.9
2421,63.6,6.2,0.6
2423,63.7,5.8,0.5
2424,63.7,5.7,0.0
2426,63.7,5.8,-0.3
2428,63.6,5.8,-0.6
2429,63.6,5.9,-0.8
2430,63.5,6.0,-1.0
2432,63.4,6.4,-1.2
2434,63.2,6.7,-1.2
2435,63.1,6.7,-1.4
2436,63.0,6.8,-1.4
2438,62.8,6.9,-1.5
2439,62.7,7.3,-1.7
2441,62.4,7.7,-2.1
2442,62.2,7.7,-2.8
2444,61.8,7.7,-3.3
2446,61.2,7.6,-3.7
2448,60.6,7.7,-4.1
2450,59.9,7.9,-4.4
2451,59.5,8.1,-4.6
2453,58.6,8.5,-4.9
2454,58.2,8.7,-5.6
2455,57.7,9.0,-6.4
2457,56.5,9.0,-6.9
2459,55.2,8.8,-7.1
2460,54.6,8.7,-7.1
2461,54.1,8.4,-6.8
2463,53.2,7.8,-6.5
2464,52.8,7.0,-6.1
2465,52.6,6.2,-5.8
2467,52.4,4.6,-5.3
2469,52.0,2.9,-3.2
2471,51.8,2.5,-0.9
2472,51.9,3.6,0.5
2474,52.1,5.2,1.1
2476,52.2,7.3,0.8
2477,52.3,7.5,0.2
2479,52.3,7.5,0.0
2480,52.2,7.5,-0.6
2481,52.2,7.7,-1.2
2483,52.0,7.8,-1.2
2484,51.8,8.1,-1.7
2485,51.7,8.3,-2.4
2487,51.3,8.7,-2.3
2489,50.7,9.3,-2.6
2490,50.5,9.7,-2.9
2492,49.9,10.2,-2.7
2493,49.5,10.3,-2.8
2495,49.0,10.7,-2.4
2496,48.7,10.7,-2.0
2498,48.3,11.0,-2.0
2500,48.0,10.9,-1.7
2501,47.7,11.0,-1.5
2502,47.6,11.0,-1.2
2504,47.3,11.0,-0.8
2506,47.2,11.0,-0.5
2508,47.1,10.8,-0.2
2509,47.2,10.7,0.2
2510,47.2,10.7,0.4
2512,47.3,10.6,0.4
2513,47.3,10.6,0.5
2514,47.4,10.5,0.4
2516,47.5,10.3,0.4
2517,47.5,10.1,0.4
2518,47.5,10.0,0.4
2519,47.6,10.0,0.6
2521,47.7,9.7,0.8
2522,47.8,9.6,0.7
2523,47.9,9.5,0.7
2525,48.0,9.4,0.6
2527,48.1,9.4,0.5
2529,48.2,9.4,0.6
2531,48.3,9.3,0.7
2532,48.4,9.3,0.9
2533,48.5,9.3,1.1
2534,48.6,9.2,0.9
2536,48.8,9.2,0.9
2538,48.9,9.2,0.8
2539,49.0,9.2,0.6
2541,49.1,9.2,0.8
2543,49.2,9.3,0.6
2545,49.4,9.2,0.7
2546,49.4,9.2,0.7
2547,49.5,9.2,0.6
2549,49.6,9.1,0.7
2551,49.7,8.9,0.6
2552,49.8,8.9,0.6
2553,49.8,8.8,0.6
2555,49.9,8.6,0.5
2557,50.0,8.5,0.6
2559,50.1,8.4,0.7
2561,50.2,8.3,0.7
2562,50.3,8.2,0.7
2564,50.4,8.1,0.8
2566,50.5,8.0,0.6
2567,50.6,7.9,0.8
2568,50.6,7.9,0.8
2569,50.7,7.8,0.8
2571,50.8,7.6,0.9
2572,50.9,7.5,0.9
2574,51.0,7.4,0.9
2575,51.1,7.4,0.8
2577,51.2,7.3,0.7
2579,51.3,7.2,0.8
2580,51.3,7.3,0.7
2582,51.5,7.3,0.9
2583,51.5,7.3,0.9
2585,51.7,7.3,0.8
2586,51.7,7.3,0.9
2587,51.8,7.2,0.7
2589,51.9,7.2,0.8
2591,52.0,7.0,0.9
2593,52.1,6.9,1.1
2595,52.3,6.7,1.3
2596,52.4,6.7,1.4
2598,52.6,6.9,1.4
2599,52.7,7.0,1.4
2600,52.8,7.2,1.1
2601,52.9,7.4,1.0
2603,53.0,7.6,0.9
2604,53.1,7.7,0.9
2606,53.2,7.7,0.9
2607,53.3,7.8,0.7
2609,53.4,7.8,0.8
2611,53.5,7.7,0.7
2613,53.6,7.5,0.6
2615,53.7,7.4,0.7
2616,53.7,7.3,0.7
2617,53.8,7.2,0.7
2619,53.9,7.1,1.0
2621,54.0,7.1,1.1
2623,54.2,7.2,1.2
2625,54.4,7.1,1.6
2626,54.5,7.0,1.7
2628,54.8,6.8,1.7
2629,54.9,6.9,1.7
2630,55.0,7.0,1.8
2632,55.2,6.8,1.8
2633,55.4,6.7,2.0
2634,55.5,6.6,2.2
2636,55.8,6.7,2.3
2638,56.1,7.0,2.4
2640,56.5,6.9,2.3
2642,56.8,6.8,2.3
2643,56.9,6.6,1.8
2644,57.0,6.6,1.5
2645,57.1,6.5,0.7
2647,57.3,6.5,0.0
2649,57.2,6.8,-0.9
2651,57.0,7.0,-1.8
2653,56.6,7.5,-2.4
2655,56.2,7.7,-2.9
2656,55.9,7.9,-3.3
2657,55.6,8.2,-3.6
2659,54.9,8.5,-3.8
2660,54.6,9.0,-3.7
2661,54.2,9.1,-3.6
2663,53.6,9.0,-3.7
2664,53.2,9.3,-3.6
2666,52.4,9.9,-3.9
2667,52.0,10.1,-3.8
2669,51.1,11.0,-3.7
2671,50.3,11.1,-3.7
2673,49.5,11.3,-3.5
2675,48.7,11.3,-3.3
2677,48.0,11.3,-3.2
2679,47.4,11.0,-2.9
2681,46.7,10.9,-2.9
2683,46.1,11.2,-3.0
2685,45.4,11.3,-3.1
2686,45.0,11.4,-3.2
2688,44.2,11.5,-3.0
2689,43.9,11.5,-2.8
2691,43.3,11.9,-2.4
2693,42.7,12.0,-2.2
2694,42.5,12.0,-1.8
2696,42.1,11.7,-1.1
2697,42.0,11.8,-0.9
2699,41.9,11.7,-0.3
2700,41.9,11.7,-0.1
2702,41.9,11.7,0.2
2703,41.9,11.7,0.4
2704,42.0,11.6,0.8
2705,42.1,11.2,1.0
2707,42.3,10.6,0.8
2708,42.4,10.3,0.5
2709,42.4,9.9,-0.2
2711,42.4,9.7,-0.7
2713,42.2,9.2,-1.1
2714,42.0,9.1,-2.0
2715,41.8,9.0,-3.0
2716,41.5,8.9,-3.5
2718,40.8,9.4,-4.0
2720,39.9,10.1,-4.0
2722,39.0,10.2,-4.2
2723,38.6,10.5,-4.1
2725,37.7,10.5,-4.0
2726,37.3,10.6,-3.9
2727,36.8,11.1,-3.8
2729,36.0,11.2,-3.5
2731,35.1,11.6,-3.1
2733,34.5,11.5,-2.6
2735,34.0,11.5,-2.2
2736,33.9,11.3,-1.8
2737,33.6,11.3,-1.1
2739,33.3,11.2,-0.5
2741,33.3,10.9,0.2
2743,33.5,10.4,1.1
2745,33.8,9.7,1.4
2747,34.1,9.1,1.5
2748,34.2,8.9,0.8
2750,34.4,8.7,0.0
2752,34.3,8.7,-0.4
2754,34.1,8.8,-1.0
2756,33.9,8.8,-1.1
2757,33.8,8.9,-1.1
2758,33.7,8.9,-0.9
2760,33.5,8.7,-0.6
2761,33.5,8.5,-0.5
2763,33.5,7.5,0.0
2764,33.5,7.2,0.0
2765,33.5,6.4,0.4
2767,33.5,5.7,0.0
2768,33.6,5.1,0.0
2770,33.5,3.7,0.0
2771,33.5,3.1,-1.1
2773,33.5,1.8,-1.1
2775,33.5,0.7,-1.1
2776,33.5,0.7,-1.1
2777,33.5,0.6,-0.7
2779,33.5,0.0,0.0
2780,33.5,0.0,0.0
2781,33.5,0.0,0.0
2782,33.5,0.0,0.0
2783,33.5,0.0,0.0
2785,33.5,0.0,0.0
2818,33.5,0.2,-1.4
2820,33.5,0.4,-1.7
2822,33.1,0.8,-2.5
2823,32.9,0.8,-2.9
2825,32.3,0.8,-2.9
2827,31.8,9.1,-2.8
2828,31.5,9.5,-2.1
2829,31.3,9.7,-1.7
2831,31.0,10.3,-1.3
2833,30.7,10.5,-1.0
2834,30.7,10.5,-0.3
2835,30.7,10.5,0.2
2837,30.8,10.0,0.4
2838,30.8,9.6,0.5
2839,30.9,9.1,0.3
2840,30.9,8.4,0.0
2841,30.9,8.2,-0.9
2843,30.8,7.0,-1.8
2844,30.6,6.8,-2.1
2846,30.1,7.4,-2.3
2848,29.7,8.6,-2.0
2849,29.6,9.2,-1.6
2851,29.3,9.7,-1.4
2852,29.2,9.6,-1.5
2854,28.9,9.7,-1.5
2855,28.7,9.7,-1.6
2856,28.6,9.6,-1.6
2857,28.4,9.8,-1.4
2859,28.1,9.7,-1.4
2861,27.9,9.8,-1.1
2862,27.8,9.6,-0.7
2864,27.7,9.4,-0.4
2865,27.7,9.4,0.0
2867,27.7,9.1,0.8
2868,27.8,9.1,1.0
2870,28.1,8.7,1.6
2872,28.3,7.9,1.3
2873,28.4,7.2,0.5
2875,28.4,6.0,-1.1
2876,28.3,6.1,-2.2
2878,27.9,5.9,-2.5
2879,27.6,6.2,-2.4
2881,27.3,7.3,-1.8
2883,27.0,8.3,-1.4
2884,27.0,8.5,-0.9
2885,26.9,8.5,-0.5
2886,26.9,8.6,-0.6
2888,26.8,8.3,-0.5
2890,26.7,8.4,-0.4
2892,26.6,8.3,-0.6
2894,26.6,8.5,-0.7
2896,26.4,8.4,-0.9
2898,26.2,8.5,-1.2
2899,26.1,8.3,-1.4
2900,26.0,8.2,-1.4
2902,25.7,8.2,-1.4
2904,25.5,8.3,-1.4
2905,25.4,8.5,-1.2
2906,25.3,8.4,-1.3
2908,25.1,8.0,-1.3
2909,25.0,7.8,-1.3
2911,24.8,7.7,-1.1
2912,24.7,7.7,-1.1
2914,24.6,7.7,-1.1
2916,24.4,7.4,-1.3
2917,24.3,7.4,-1.8
2919,24.0,7.7,-2.0
2921,23.6,8.3,-2.1
2922,23.4,8.6,-2.0
2923,23.2,8.8,-1.7
2925,22.9,9.3,-1.6
2927,22.6,9.6,-1.5
2928,22.5,9.6,-1.5
2930,22.2,9.4,-1.6
2932,21.9,9.4,-1.8
2933,21.7,9.5,-1.9
2935,21.3,9.8,-1.8
2936,21.1,9.8,-1.8
2937,21.0,9.8,-1.7
2938,20.8,9.9,-1.4
2939,20.6,9.9,-1.6
2941,20.4,10.0,-1.2
2942,20.2,9.9,-1.0
2944,20.1,9.7,-1.0
2946,19.9,9.7,-0.7
2947,19.8,9.7,-0.9
2948,19.8,9.7,-0.6
2950,19.6,9.5,-0.5
2951,19.6,9.4,-0.6
2953,19.5,9.1,-0.6
2955,19.4,8.9,-0.5
2956,19.3,8.9,-0.6
2958,19.3,8.9,-0.7
2959,19.2,8.9,-0.7
2960,19.1,9.2,-1.0
2962,18.9,9.4,-1.0
2964,18.7,9.7,-1.1
2965,18.6,9.4,-1.3
2967,18.4,9.0,-1.4
2968,18.2,8.9,-1.2
2970,18.0,8.5,-1.1
2971,18.0,8.3,-0.9
2973,17.9,7.0,-0.6
2975,17.8,5.1,-0.9
2976,17.8,4.9,-0.8
2977,17.7,5.3,-0.7
2979,17.6,6.0,-0.7
2981,17.5,7.6,-0.6
2982,17.5,7.7,-0.4
2984,17.4,7.9,-0.5
2985,17.4,8.0,-0.6
2986,17.3,8.1,-0.6
2988,17.2,8.4,-0.7
2990,17.1,8.8,-0.5
2992,17.0,8.8,-0.3
2993,17.0,8.8,-0.2
2995,17.0,8.7,0.0
2996,17.0,8.7,0.2
2998,17.0,8.6,0.2
3000,17.1,8.5,0.2
3001,17.1,8.3,-0.2
3003,17.1,7.3,-1.2
3004,16.9,7.1,-2.3
3005,16.7,6.4,-3.3
3007,16.2,6.4,-3.1
3009,15.7,7.2,-2.6
3010,15.5,7.7,-2.1
3012,15.2,8.7,-1.4
3013,15.1,8.8,-1.3
3015,14.9,9.4,-1.2
3017,14.6,9.7,-1.2
3018,14.5,9.7,-1.1
3019,14.4,9.5,-0.6
3021,14.3,9.1,-0.4
3023,14.3,8.8,-0.3
3024,14.3,9.0,-0.2
3026,14.2,9.2,-0.3
3028,14.2,9.1,-0.3
3030,14.1,9.1,-0.2
3031,14.1,9.0,-0.4
3032,14.1,9.0,-0.2
3034,14.0,8.9,-0.2
3036,14.0,8.7,0.0
3037,14.0,8.4,0.2
3039,14.1,7.3,0.4
3041,14.1,6.4,0.4
3043,14.2,6.4,0.5
3044,14.2,6.8,0.6
3045,14.3,7.1,0.4
3047,14.4,8.3,0.6
3048,14.4,8.9,0.4
3050,14.5,9.1,-0.2
3051,14.5,9.0,-0.2
3053,14.3,8.5,-1.0
3054,14.3,8.5,-1.3
3056,14.0,8.4,-1.5
3057,13.8,8.7,-1.9
3058,13.6,9.0,-1.7
3059,13.4,9.2,-1.6
3061,13.2,9.2,-1.3
3062,13.1,8.9,-1.2
3064,12.9,8.6,-0.9
3065,12.8,8.6,-0.8
3066,12.8,8.6,-0.5
3068,12.7,8.7,-0.4
3069,12.7,8.8,-0.6
3070,12.6,9.0,-0.6
3072,12.5,9.0,-0.6
3074,12.4,8.9,-0.4
3075,12.4,8.8,-0.2
3076,12.4,8.8,0.0
3078,12.4,8.9,0.0
3079,12.4,9.0,0.0
3081,12.4,8.8,0.2
3082,12.4,8.8,0.4
3084,12.5,8.6,0.6
3085,12.6,8.5,0.6
3087,12.7,8.3,0.5
3088,12.7,8.3,0.4
3089,12.7,8.3,0.4
3091,12.8,8.3,0.4
3093,12.9,8.2,0.5
3094,12.9,8.1,0.6
3096,13.0,8.2,0.6
3097,13.1,8.2,0.9
3099,13.2,8.1,0.9
3101,13.4,7.9,0.7
3102,13.4,7.8,0.6
3104,13.5,7.8,0.3
3105,13.5,7.7,-0.2
3106,13.5,7.6,-1.0
3108,13.3,7.0,-1.3
3110,13.1,6.5,-1.5
3111,13.0,6.5,-1.4
3113,12.8,7.2,-1.9
3114,12.7,7.2,-2.2
3116,12.3,7.1,-2.3
3118,11.8,8.0,-2.2
3120,11.5,8.3,-1.7
3121,11.4,9.2,-1.1
3123,11.2,9.1,-0.4
3124,11.2,9.0,0.2
3126,11.3,8.9,0.9
3128,11.5,8.8,1.0
3129,11.7,8.9,1.0
3131,11.8,8.7,0.8
3133,11.9,8.3,0.4
3134,11.9,8.0,0.2
3136,11.9,7.7,0.0
3137,11.9,7.7,0.0
3139,11.9,7.7,0.0
3140,11.9,7.8,0.0
3141,11.9,7.8,0.0
3143,11.9,7.8,0.0
3144,11.9,7.8,0.0
3145,11.9,7.9,0.0
3147,11.9,7.9,0.0
3148,11.9,8.0,-0.2
3149,11.9,8.1,-0.2
3151,11.8,8.1,-0.4
3153,11.8,8.1,-0.5
3155,11.7,8.1,-0.4
3156,11.6,8.1,-0.8
3157,11.6,8.0,-0.5
3158,11.5,7.9,-0.3
3160,11.5,7.7,-0.4
3161,11.5,7.8,-0.2
3163,11.4,8.1,-0.2
3165,11.4,8.2,-0.3
3166,11.4,8.2,-0.2
3168,11.3,8.2,-0.2
3170,11.3,8.3,-0.3
3171,11.3,8.2,-0.2
3173,11.2,8.3,-0.5
3174,11.2,8.4,-0.4
3175,11.1,8.6,-0.4
3177,11.1,8.8,-0.4
3178,11.0,9.0,-0.2
3180,11.0,9.2,-0.3
3181,11.0,9.3,-0.1
3183,10.9,9.8,-0.3
3185,10.9,10.3,-0.3
3186,10.8,10.5,-0.3
3188,10.8,10.5,-0.3
3189,10.7,10.6,-0.1
3191,10.7,10.7,-0.2
3193,10.7,10.6,0.0
3194,10.7,10.5,0.0
3196,10.7,10.3,0.0
3198,10.7,10.2,-0.1
3199,10.7,10.0,-0.1
3201,10.6,9.9,-0.2
3203,10.6,9.8,-0.1
3204,10.6,9.8,0.0
3206,10.6,9.8,-0.2
3207,10.6,9.8,-0.2
3209,10.5,9.5,-0.4
3210,10.5,9.3,-0.4
3212,10.4,8.7,-0.2
3213,10.4,8.8,-0.2
3214,10.4,8.6,-0.2
3215,10.4,8.7,-0.2
3217,10.3,9.0,-0.2
3219,10.3,9.3,-0.2
3220,10.3,9.4,0.0
3221,10.3,9.3,0.0
3223,10.3,9.1,0.0
3224,10.3,9.0,0.0
3225,10.3,8.8,0.0
3227,10.3,8.7,0.0
3229,10.3,8.5,0.0
3230,10.3,8.5,0.0
3231,10.3,8.5,0.0
3232,10.3,8.4,0.0
3234,10.3,8.5,0.0
3236,10.3,8.4,0.0
3237,10.3,8.4,0.0
3238,10.3,8.3,0.0
3240,10.3,8.0,0.0
3241,10.3,7.8,0.0
3242,10.3,7.8,0.0
3243,10.3,7.8,0.0
3245,10.3,8.1,-0.2
3247,10.3,8.1,-0.2
3248,10.2,8.0,-0.2
3249,10.2,7.9,-0.3
3251,10.2,7.9,0.0
3252,10.2,8.0,0.0
3253,10.2,8.1,0.0
3255,10.2,8.0,0.0
3256,10.2,8.0,-0.2
3258,10.2,7.8,-0.2
3260,10.1,7.9,-0.2
3262,10.1,8.1,-0.3
3263,10.1,8.2,-0.2
3265,10.0,8.3,-0.2
3266,10.0,8.3,0.0
3268,10.0,8.2,0.2
3270,10.1,8.1,0.2
3271,10.1,8.0,0.2
3272,10.1,8.1,0.0
3274,10.1,8.1,0.2
3275,10.1,8.1,0.2
3277,10.2,8.0,0.0
3278,10.2,8.0,0.0
3280,10.1,8.1,-0.2
3282,10.1,7.9,-0.2
3283,10.1,7.8,-0.2
3285,10.1,7.5,-0.2
3287,10.0,7.4,-0.2
3288,10.0,7.4,-0.4
3289,10.0,7.5,-0.2
3291,9.9,7.7,-0.2
3293,9.9,8.2,-0.3
3294,9.9,8.4,-0.2
3296,9.8,8.6,-0.4
3298,9.8,8.7,-0.4
3299,9.7,8.7,-0.2
3300,9.7,8.7,-0.2
3302,9.7,8.8,0.0
3304,9.7,8.7,0.0
3305,9.7,8.6,0.0
3306,9.7,8.5,-0.2
3308,9.7,8.1,-0.2
3312,9.6,5.5,-0.2
3313,9.6,6.9,-0.3
3314,9.6,7.4,-0.2
3316,9.5,7.6,-0.2
3318,9.5,8.0,-0.2
3319,9.5,7.5,-0.2
3321,9.5,7.4,-0.2
3323,9.4,8.1,-0.3
3324,9.4,8.5,-0.3
3326,9.3,9.0,-0.2
3328,9.3,9.0,-0.3
3330,9.3,9.1,-0.2
3331,9.2,8.7,-0.2
3333,9.2,8.5,-0.3
3335,9.2,8.1,-0.1
3337,9.1,8.5,-0.3
3339,9.1,8.7,-0.4
3340,9.0,8.9,-0.2
3341,9.0,8.8,-0.5
3342,9.0,8.7,-0.2
3344,8.9,8.4,-0.2
3345,8.9,8.3,-0.4
3346,8.9,8.2,-0.2
3348,8.8,8.2,-0.2
3350,8.8,8.1,-0.2
3352,8.8,8.0,0.0
3353,8.8,8.0,0.2
3355,8.8,8.3,0.2
3357,8.9,8.8,0.4
3358,8.9,8.8,0.8
3359,9.0,8.8,1.1
3361,9.2,8.4,1.1
3363,9.4,7.5,1.0
3364,9.4,7.2,0.7
3366,9.5,6.8,0.0
3368,9.5,6.4,-0.2
3369,9.4,6.2,-0.8
3371,9.3,6.3,-1.2
3372,9.2,6.4,-0.8
3374,9.0,6.9,-0.5
3376,9.0,6.7,-0.3
3377,9.1,6.5,0.8
3379,9.1,4.8,1.1
3380,9.2,4.0,0.0
3382,9.2,2.6,-0.4
3383,9.1,2.9,-1.0
3385,9.0,4.5,-1.4
3386,8.9,4.9,-1.3
3388,8.7,6.4,-1.1
3390,8.5,7.3,-1.0
3391,8.5,7.4,-0.9
3393,8.4,7.5,-0.8
3394,8.3,7.5,-0.9
3395,8.2,7.5,-1.1
3397,8.1,7.4,-1.1
3398,8.0,7.5,-1.2
3400,7.8,7.4,-1.3
3402,7.6,7.5,-1.3
3404,7.4,7.4,-1.1
3405,7.3,7.4,-1.1
3406,7.3,7.4,-0.5
3407,7.2,7.3,-0.5
3409,7.2,7.5,-0.5
3410,7.1,7.5,-0.4
3411,7.1,7.7,-0.4
3413,7.0,7.7,-0.2
3415,7.0,7.5,-0.4
3416,7.0,7.4,-0.4
3417,6.9,7.5,-0.5
3419,6.8,7.5,-0.7
3420,6.8,7.6,-0.7
3422,6.7,7.5,-0.7
3423,6.6,7.6,-0.8
3425,6.5,7.6,-0.7
3427,6.4,7.5,-0.6
3428,6.4,7.4,-0.4
3430,6.3,7.5,-0.5
3431,6.3,7.6,-0.5
3432,6.2,7.8,-0.5
3433,6.2,7.9,-0.5
3435,6.1,8.1,-0.4
3436,6.1,8.0,-0.6
3438,6.0,7.9,-0.4
3439,5.9,7.8,-0.7
3441,5.9,7.4,-0.5
3442,5.8,7.4,-0.2
3444,5.8,7.4,-0.2
3445,5.8,7.6,0.0
3447,5.8,8.1,0.0
3449,5.8,8.2,-0.2
3450,5.8,8.0,-0.2
3452,5.7,7.6,-0.2
3454,5.7,7.3,-0.2
3455,5.7,7.1,0.0
3456,5.7,7.1,0.0
3458,5.7,7.3,0.0
3459,5.7,7.4,0.0
3460,5.7,7.4,-0.3
3461,5.7,7.5,-0.2
3463,5.6,7.7,-0.3
3465,5.6,8.1,-0.3
3467,5.5,8.3,-0.4
3469,5.5,8.2,-0.4
3470,5.4,8.0,-0.3
3471,5.4,8.0,-0.3
3472,5.4,8.0,0.0
3474,5.4,7.8,0.0
3476,5.4,7.5,0.0
3477,5.4,7.4,-0.2
3478,5.4,7.5,-0.2
3480,5.3,7.6,-0.2
3482,5.3,7.7,-0.4
3483,5.3,7.5,-0.2
3485,5.2,7.1,-0.2
3486,5.2,7.2,-0.4
3488,5.2,7.7,-0.3
3490,5.1,8.2,-0.5
3492,5.0,8.3,-0.8
3494,4.9,8.1,-0.9
3496,4.7,8.2,-1.0
3498,4.5,8.3,-1.2
3499,4.4,8.5,-1.0
3500,4.3,8.4,-1.0
3502,4.2,8.6,-1.2
3504,4.0,8.4,-1.4
3505,3.8,8.4,-1.8
3507,3.5,8.1,-1.9
3508,3.3,8.3,-1.1
3510,3.0,8.7,-0.4
3512,3.1,9.0,0.6
3513,3.3,8.9,2.1
3515,3.7,8.7,3.0
3517,4.3,8.5,2.9
3519,4.8,8.1,2.4
3520,4.9,7.6,1.3
3522,4.9,6.6,0.3
3524,4.9,6.2,0.2
3525,4.9,6.3,0.2
3527,5.0,6.7,0.2
3529,5.0,7.1,0.4
3530,5.0,7.5,0.2
3531,5.1,7.5,0.0
3533,5.1,7.7,0.0
3535,5.0,7.4,-0.4
3536,5.0,7.3,-0.4
3538,4.9,7.4,-0.4
3540,4.9,7.5,-0.6
3542,4.8,7.6,-0.6
3543,4.7,7.7,-0.8
3544,4.6,7.7,-0.7
3546,4.5,7.9,-0.6
3547,4.5,8.2,-0.5
3549,4.4,8.4,-0.6
3551,4.3,8.5,-0.6
3552,4.2,8.3,-0.6
3553,4.2,8.3,-0.8
3555,4.1,8.0,-0.4
3556,4.0,7.9,-0.6
3558,4.0,7.6,-0.6
3560,3.9,7.6,-0.4
3562,3.8,7.5,-0.4
3563,3.8,7.4,-0.4
3565,3.8,7.3,-0.4
3567,3.7,7.9,-0.5
3568,3.6,8.1,-0.5
3570,3.5,8.2,-0.4
3572,3.5,7.9,-0.4
3573,3.5,7.8,-0.4
3575,3.4,7.6,-0.4
3577,3.3,7.6,-0.6
3579,3.3,7.7,-0.5
3580,3.2,7.9,-0.4
3582,3.1,7.9,-0.4
3583,3.1,7.8,-0.4
3585,3.1,7.9,-0.2
3587,3.0,8.1,-0.2
3588,3.0,8.2,-0.2
3589,3.0,8.2,0.0
3590,3.0,8.2,-0.5
3591,3.0,8.2,-0.6
3593,2.8,7.9,-0.9
3595,2.7,7.6,-0.9
3596,2.6,7.6,-0.7
3598,2.5,7.9,-0.6
3600,2.4,8.0,-0.4
3601,2.4,7.9,-0.4
3602,2.4,7.9,-0.3
3604,2.3,7.6,-0.2
3605,2.3,7.6,-0.2
3607,2.3,7.5,0.0
3608,2.3,7.4,0.4
3610,2.3,7.4,0.7
3612,2.5,7.5,1.2
3613,2.6,7.5,2.0
3615,2.9,7.4,2.2
3617,3.3,7.0,2.6
3618,3.4,6.8,2.7
3620,3.8,6.4,2.7
3622,4.1,6.3,2.7
3623,4.3,6.3,2.2
3624,4.4,6.2,2.1
3626,4.6,5.9,1.8
3628,4.8,5.6,1.7
3629,4.9,5.7,1.4
3631,5.1,5.9,1.3
3633,5.2,6.2,1.0
3634,5.3,6.4,0.8
3635,5.3,6.5,0.6
3637,5.4,6.5,0.5
3638,5.4,6.6,0.8
3640,5.5,6.4,0.8
3641,5.6,6.4,1.1
3643,5.7,6.4,1.0
3644,5.8,6.3,1.1
3645,5.8,6.3,1.1
3647,6.0,6.3,1.0
3649,6.1,6.0,1.0
3651,6.2,5.9,0.7
3653,6.3,5.9,0.5
3654,6.3,6.1,0.3
3655,6.3,6.2,-0.3
3656,6.3,6.4,-0.6
3658,6.2,6.5,-1.3
3659,6.1,6.6,-2.1
3661,5.8,6.6,-3.2
3663,5.3,7.0,-3.7
3665,4.6,7.2,-4.4
3666,4.2,7.5,-4.6
3667,3.8,7.6,-4.4
3669,3.1,7.9,-4.0
3670,2.8,8.2,-3.0
3671,2.5,8.4,-1.9
3673,2.3,8.4,-1.2
3674,2.3,8.4,-0.6
3676,2.2,8.0,-0.3
3677,2.2,7.9,-0.3
3678,2.2,7.7,0.0
3679,2.2,7.5,0.0
3680,2.2,7.4,0.0
3682,2.2,7.2,0.2
3684,2.2,7.2,0.7
3686,2.3,7.1,1.3
3688,2.6,6.9,2.2
3690,2.9,6.6,2.9
3691,3.2,6.4,3.4
3692,3.4,6.3,3.7
3694,3.8,6.0,3.2
3696,4.2,5.7,2.6
3698,4.5,5.7,2.2
3700,4.6,5.8,1.2
3701,4.7,6.0,0.5
3703,4.7,6.1,0.0
3705,4.7,6.5,-0.2
3707,4.6,6.5,-0.2
3709,4.6,6.6,-0.2
3711,4.6,6.4,-0.3
3712,4.6,6.4,-0.3
3713,4.5,6.3,-0.4
3714,4.5,6.1,-0.9
3716,4.5,4.9,-0.5
3718,4.4,3.5,-0.9
3719,4.4,3.3,-0.8
3721,4.3,3.4,-0.6
3722,4.3,4.4,-0.8
3724,4.2,5.7,-0.6
3725,4.1,5.9,-0.6
3726,4.1,7.0,-0.3
3727,4.1,6.4,0.0
3729,4.1,6.7,0.2
3731,4.1,6.8,0.0
3733,4.2,7.0,-0.2
3735,4.1,7.3,-0.4
3736,4.0,7.3,-0.9
3737,3.9,7.5,-0.8
3739,3.8,7.4,-0.5
3740,3.8,7.3,-0.2
3742,3.8,7.2,0.0
3743,3.8,7.2,-0.2
3745,3.8,7.4,-0.5
3746,3.7,7.4,-0.7
3747,3.6,7.4,-1.0
3749,3.5,7.6,-0.8
3750,3.4,7.8,-0.6
3752,3.3,7.9,-0.4
3753,3.3,7.7,0.0
3755,3.3,7.6,0.2
3756,3.4,7.5,0.2
3758,3.4,7.5,0.2
3759,3.4,7.5,-0.2
3761,3.4,7.3,-0.3
3762,3.3,7.3,-0.3
3763,3.3,7.3,-0.5
3764,3.3,7.4,-0.2
3766,3.2,7.5,-0.2
3768,3.2,7.4,-0.2
3769,3.2,7.2,-0.2
3771,3.2,7.0,-0.2
3773,3.1,6.9,-0.4
3775,3.1,7.0,-0.4
3777,3.0,7.0,-0.2
3778,3.0,7.0,-0.3
3779,3.0,7.0,0.3
3780,3.0,7.0,0.6
3782,3.1,7.0,0.7
3783,3.2,7.1,1.0
3785,3.3,7.0,1.7
3786,3.4,7.0,2.1
3788,3.8,6.9,2.9
3790,4.2,6.8,3.5
3791,4.5,6.8,4.2
3792,4.8,6.7,4.8
3794,5.3,5.9,4.9
3796,5.7,4.8,5.1
3797,5.9,4.5,4.9
3799,6.4,4.5,5.0
3801,6.8,4.4,5.1
3803,7.0,3.6,5.2
3804,7.2,3.2,5.5
3805,7.5,3.5,5.8
3806,7.8,3.6,6.0
3808,8.1,3.8,5.6
3809,8.4,4.0,5.8
3810,8.7,4.3,5.4
3812,9.2,4.0,5.2
3814,9.5,4.3,5.3
3815,9.8,4.1,4.9
3817,10.2,4.1,5.5
3818,10.4,4.1,5.2
3819,10.7,4.4,5.0
3820,10.9,4.2,5.0
3821,11.1,4.3,4.9
3823,11.4,4.0,4.8
3824,11.8,4.5,4.8
3825,12.0,4.6,4.8
3826,12.2,4.6,4.6
3828,12.5,4.5,4.6
3829,12.8,4.4,5.0
3830,13.0,4.4,4.8
3831,13.3,4.4,4.6
3833,13.6,4.6,4.7
3834,13.9,4.8,4.2
3835,14.1,4.7,3.6
3836,14.3,4.8,3.2
3838,14.4,4.5,2.7
3839,14.7,5.0,2.2
3840,14.8,5.2,2.1
3842,15.0,5.4,1.4
3843,15.1,6.6,1.4
3844,15.1,5.8,1.1
3846,15.3,6.0,1.0
3848,15.4,6.4,0.9
3849,15.5,6.6,0.6
3851,15.5,6.8,0.4
3853,15.6,6.9,0.2
3855,15.6,7.0,0.2
3856,15.6,7.1,0.0
3857,15.6,7.2,-0.2
3859,15.6,7.3,-0.2
3861,15.5,7.5,-0.6
3862,15.5,7.5,-0.6
3864,15.3,7.6,-0.7
3866,15.3,7.6,-0.7
3867,15.2,7.5,-0.5
3868,15.2,7.5,-0.5
3870,15.1,7.4,-0.5
3871,15.1,7.4,-0.6
3872,15.0,7.6,-0.4
3874,14.9,7.7,-0.6
3876,14.9,7.9,-0.5
3877,14.8,7.9,-0.5
3879,14.7,7.9,-0.9
3881,14.6,8.1,-0.7
3883,14.4,8.2,-0.7
3884,14.4,8.2,-0.4
3886,14.3,8.1,0.0
3888,14.4,7.8,0.2
3889,14.4,7.5,0.4
3891,14.5,6.8,0.3
3893,14.5,5.9,0.2
3894,14.5,5.8,0.2
3896,14.5,6.7,0.2
3897,14.6,6.8,0.4
3899,14.6,7.6,0.6
3900,14.7,7.5,0.6
3901,14.7,7.1,0.7
3902,14.8,6.8,0.7
3903,14.8,6.8,0.9
3904,14.9,6.8,0.5
3906,15.0,7.0,0.4
3908,15.0,6.4,0.2
3910,15.0,6.4,0.3
3911,15.0,6.3,0.5
3912,15.1,6.5,0.7
3914,15.2,7.0,0.8
3916,15.3,7.1,0.8
3918,15.4,7.1,0.8
3919,15.5,7.3,0.6
3921,15.6,7.1,0.5
3923,15.6,6.6,0.5
3924,15.6,6.2,0.3
3926,15.7,5.4,0.2
3927,15.7,5.8,0.2
3929,15.7,6.9,-0.2
3931,15.7,8.4,-0.1
3933,15.6,8.6,-0.1
3935,15.6,8.9,-0.3
3937,15.6,9.1,-0.2
3938,15.5,9.3,-0.2
3939,15.5,9.3,-0.2
3941,15.5,9.2,0.0
3942,15.5,9.2,-0.2
3943,15.5,9.0,-0.2
3945,15.4,8.7,-0.2
3946,15.4,8.9,-0.2
3948,15.4,8.8,0.0
3950,15.4,8.8,0.0
3952,15.4,8.1,0.2
3953,15.4,7.8,0.2
3955,15.5,7.4,0.3
3956,15.5,7.2,0.3
3957,15.5,6.3,0.3
3959,15.5,6.0,0.3
3960,15.6,5.8,0.5
3962,15.6,6.9,0.5
3963,15.7,6.9,0.4
3965,15.7,6.9,0.5
3967,15.8,6.2,0.2
3969,15.8,5.9,0.5
3970,15.8,6.0,0.3
3971,15.9,6.3,0.5
3973,15.9,6.5,0.6
3975,16.0,6.7,0.4
3977,16.1,6.6,0.4
3979,16.1,6.8,0.2
3981,16.1,6.8,0.0
3982,16.1,6.9,0.0
3983,16.1,6.8,0.0
3984,16.1,6.8,0.0
3986,16.1,6.8,0.0
3988,16.1,6.8,0.0
3989,16.1,6.7,-0.2
3990,16.1,6.8,-0.2
3992,16.0,7.0,-0.5
3994,16.0,7.2,-0.4
3995,15.9,7.3,-0.2
3997,15.9,7.5,-0.2
3998,15.9,7.6,0.2
4000,15.9,7.6,0.2
4001,16.0,7.6,0.2
4003,16.0,7.3,0.2
4005,16.0,7.2,0.0
4006,16.0,7.3,0.0
4008,16.0,7.2,0.0
4009,16.0,7.2,0.0
4011,16.0,7.4,0.0
4012,16.0,7.4,0.0
4013,16.0,7.5,0.0
4015,16.0,7.2,-0.3
4016,16.0,6.8,-0.3
4017,15.9,6.9,-0.5
4018,15.9,7.2,-0.8
4020,15.8,7.6,-0.8
4021,15.7,7.8,-1.4
4022,15.6,8.0,-1.6
4024,15.2,8.1,-2.1
4025,15.1,8.6,-2.0
4027,14.6,8.9,-1.4
4029,14.3,9.3,-0.6
4031,14.3,9.4,0.2
4033,14.6,9.9,1.0
4034,14.7,9.1,1.8
4035,14.8,8.6,2.4
4036,15.0,7.6,1.6
4038,15.3,5.9,1.6
4040,15.3,6.2,1.3
4041,15.4,6.3,1.0
4043,15.6,6.4,1.0
4044,15.7,6.5,0.9
4046,15.7,6.6,0.6
4048,15.8,6.8,0.3
4050,15.9,7.1,0.3
4052,15.9,7.5,0.2
4054,15.9,7.8,0.0
4055,15.9,7.9,0.0
4057,15.9,7.8,0.0
4058,15.9,7.9,0.0
4060,15.9,7.9,0.0
4062,15.9,8.0,0.0
4063,15.9,8.0,-0.2
4065,15.9,7.9,-0.2
4066,15.8,7.8,-0.2
4068,15.8,7.6,-0.4
4070,15.8,7.8,-0.2
4072,15.7,7.8,-0.2
4073,15.7,7.9,-0.2
4075,15.7,7.8,0.0
4076,15.7,7.8,0.0
4077,15.7,7.8,-0.3
4079,15.7,7.8,-0.3
4080,15.6,7.7,-0.3
4081,15.6,7.8,-0.5
4082,15.6,7.9,-0.4
4084,15.5,8.1,-0.6
4086,15.4,8.1,-0.7
4087,15.3,8.1,-0.7
4089,15.2,8.1,-0.7
4091,15.1,7.9,-0.7
4093,15.0,7.7,-0.6
4095,14.9,7.3,-0.7
4097,14.9,6.3,-0.6
4098,14.8,5.4,-0.4
4100,14.8,4.2,-0.4
4101,14.8,4.4,0.0
4102,14.8,4.7,-0.4
4103,14.8,5.0,-1.6
4104,14.7,5.1,-2.1
4106,14.3,6.1,-2.4
4108,14.0,6.6,-2.1
4109,13.8,7.1,-1.6
4111,13.6,7.6,-1.4
4113,13.4,8.3,-1.1
4114,13.3,8.5,-0.9
4116,13.1,9.1,-0.9
4117,13.1,9.2,-0.8
4119,12.9,9.7,-1.0
4120,12.8,9.8,-1.0
4122,12.5,9.8,-1.3
4123,12.5,9.7,-1.4
4124,12.3,9.4,-1.4
4126,12.0,9.2,-1.7
4128,11.7,9.3,-1.5
4130,11.4,9.5,-1.5
4131,11.3,9.6,-1.3
4133,11.0,9.7,-1.0
4135,10.8,9.7,-1.1
4136,10.8,9.6,-0.6
4138,10.6,9.2,-0.6
4140,10.6,8.8,-0.6
4141,10.5,8.8,-0.4
4142,10.5,8.9,-0.6
4144,10.4,8.8,-0.5
4146,10.3,8.7,-0.5
4148,10.2,8.8,-0.5
4149,10.2,9.0,-0.4
4151,10.1,9.2,-0.4
4152,10.1,9.2,-0.5
4153,10.0,9.2,-0.4
4155,9.9,9.1,-0.7
4156,9.9,9.1,-0.6
4157,9.8,9.0,-0.5
4159,9.7,8.5,-0.7
4160,9.7,8.3,-0.8
4161,9.6,8.1,-1.0
4162,9.5,7.9,-1.4
4164,9.3,8.1,-1.5
4166,9.0,8.3,-2.0
4168,8.7,8.5,-2.7
4169,8.3,8.6,-3.5
4171,7.6,9.1,-3.7
4173,6.7,9.8,-2.9
4175,6.1,10.3,-2.2
4177,5.9,10.5,-0.2
4178,6.0,10.5,0.9
4181,6.5,10.7,1.9
4182,6.8,10.8,2.1
4184,7.2,9.9,3.0
4185,7.4,9.5,3.2
4186,7.7,8.1,3.5
4188,8.2,7.2,3.6
4189,8.4,6.8,2.9
4190,8.6,6.6,2.3
4192,8.8,6.4,1.7
4193,8.9,6.1,1.0
4194,8.9,6.0,0.4
4195,8.9,6.1,-1.0
4196,8.9,6.1,-1.4
4198,8.6,6.3,-1.6
4200,8.4,6.1,-1.7
4201,8.3,6.0,-0.5
4203,8.2,5.6,0.0
4205,8.4,5.2,0.7
4206,8.4,4.7,2.1
4208,8.5,3.8,2.2
4210,8.6,1.8,2.2
4211,8.6,1.1,2.2
4213,8.6,0.0,2.7
4214,8.6,0.0,3.6
4215,8.6,0.0,2.8
4217,8.6,0.0,2.1
4219,8.6,0.0,2.1
4220,8.6,0.0,2.1
4278,8.8,0.1,1.5
4280,8.9,0.2,1.1
4281,8.9,0.3,0.6
4282,8.9,0.5,0.6
4284,9.0,0.5,1.1
4285,9.1,0.5,1.4
4287,9.3,5.9,1.7
4288,9.4,6.0,2.0
4289,9.5,5.9,2.0
4291,9.8,5.9,2.3
4292,9.9,6.1,2.3
4294,10.2,5.8,2.0
4295,10.3,5.8,2.3
4296,10.4,5.9,2.0
4298,10.7,5.8,2.0
4300,10.9,5.9,2.0
4301,11.0,5.9,1.7
4302,11.1,6.0,1.3
4303,11.2,6.1,1.0
4305,11.3,6.1,1.0
4306,11.3,5.9,0.6
4307,11.4,5.9,0.8
4309,11.4,5.5,0.8
4310,11.5,5.3,0.8
4311,11.5,5.2,1.2
4313,11.6,4.3,0.9
4314,11.6,3.2,1.0
4315,11.6,2.2,0.0
4317,11.6,1.0,0.0
4318,11.6,0.8,0.0
4319,11.6,1.4,0.0
4320,11.6,2.2,-0.6
4321,11.6,2.5,-1.1
4323,11.5,3.2,-1.7
4324,11.4,3.5,-2.1
4325,11.3,3.6,-2.1
4326,11.2,3.8,-1.4
4327,11.1,4.0,-0.9
4329,11.1,4.4,-0.4
4330,11.1,4.5,0.0
4331,11.1,4.8,-0.5
4332,11.1,4.5,-0.5
4333,11.0,4.4,-0.4
4335,11.0,4.1,-0.8
4337,11.0,3.7,-0.5
4339,10.9,3.4,-0.6
4340,10.9,2.7,-0.8
4342,10.9,1.9,0.0
4343,10.9,1.6,0.0
4344,10.9,1.4,0.0
4346,10.9,1.2,0.0
4347,10.9,0.6,0.0
4349,10.9,0.0,0.0
4350,10.9,0.0,0.0
4352,10.9,0.0,0.0
4354,10.9,0.7,0.0
4355,10.9,0.7,0.0
4357,10.9,0.7,0.0
